name,pageUrl,isActive,category,description,logo,getStarted,EITMLI18,shortDescription,url,useCases,isOpenSource,freeUrl,demoUrl
Microsoft Azure,azure,TRUE,Cloud Platform,"Microsoft Azure is a cloud computing platform offering a wide range of services including virtual computing, storage, analytics, and networking.",https://brandlogos.net/wp-content/uploads/2022/07/microsoft_azure-logo_brandlogos.net_mlyt6-512x512.png,https://learn.microsoft.com/en-us/azure/azure-portal/azure-portal-quickstart-center,"Azure is a comprehensive cloud platform that provides a vast array of services for building, deploying, and managing applications and services through Microsoft-managed data centers.",A cloud computing platform offering a wide range of services for building and deploying applications.,https://azure.microsoft.com,"- Cloud computing
- Web hosting
- Data analytics",FALSE,https://azure.microsoft.com/en-us/pricing/purchase-options/azure-account?icid=azurefreeaccount,https://azure.microsoft.com/en-us/contact/
Google Cloud Platform (GCP),gcp,TRUE,Cloud Platform,"Google Cloud Platform is a set of cloud computing services that Google offers, including virtual machines, storage, networking, and more",https://brandlogos.net/wp-content/uploads/2022/07/google_cloud-logo_brandlogos.net_qxnsy-512x512.png,https://cloud.google.com/docs/get-started,"GCP provides a set of cloud computing services that run on Google's infrastructure, allowing you to build, test, and deploy applications on a highly scalable and reliable platform.",A suite of cloud computing services running on Google's infrastructure.,https://cloud.google.com,"- Cloud storage
- Machine learning
- Big data processing",FALSE,https://cloud.google.com/free?hl=en,https://cloud.google.com/contact
Amazon Web Services (AWS),aws,TRUE,Cloud Platform,"AWS offers a broad set of global cloud-based products including compute, storage, databases, analytics, networking, mobile, developer tools, and IoT.",https://nrphlnibzuquhuzswkqv.supabase.co/storage/v1/object/public/engineeringtools/aws.png,https://aws.amazon.com/getting-started/,"AWS provides a vast array of cloud services that allow you to build sophisticated, scalable applications with increased flexibility, security and reliability.",A comprehensive and widely adopted cloud platform offering over 200 fully featured services.,https://aws.amazon.com,"- Cloud computing
- Database management
- Content delivery",FALSE,https://aws.amazon.com/free/?all-free-tier.sort-by=item.additionalFields.SortRank&all-free-tier.sort-order=asc&awsf.Free%20Tier%20Types=*all&awsf.Free%20Tier%20Categories=*all,https://aws.amazon.com/contact-us/
AWS Lambda,lambda,TRUE,Compute,"AWS Lambda lets you run code without provisioning or managing servers, executing code only when needed and scaling automatically.",https://icon.icepanel.io/AWS/svg/Compute/Lambda.svg,https://docs.aws.amazon.com/lambda/latest/dg/getting-started.html,"Lambda is like a magic function in the cloud that runs your code automatically in response to events, without you having to worry about servers or scaling.",A serverless compute service that runs your code in response to events and automatically manages the underlying compute resources.,https://aws.amazon.com/lambda,"- Serverless computing
- Event-driven applications
- Microservices",FALSE,https://aws.amazon.com/lambda/pricing/,https://aws.amazon.com/contact-us/
Azure Functions,azure-functions,TRUE,Compute,"Azure Functions is a serverless solution that allows you to write less code, maintain less infrastructure, and save on costs.",https://nrphlnibzuquhuzswkqv.supabase.co/storage/v1/object/public/engineeringtools/functions.svg,https://docs.microsoft.com/en-us/azure/azure-functions/functions-overview,"Azure Functions is like having small pieces of code that wake up and do their job whenever they're needed, without you having to manage any servers.",A serverless compute service that enables you to run code on-demand without having to explicitly provision or manage infrastructure.,https://azure.microsoft.com/en-us/products/functions,"- Serverless computing
- Event processing
- Background tasks",FALSE,https://azure.microsoft.com/en-us/pricing/details/functions/,https://azure.microsoft.com/en-us/contact/
Docker,docker,TRUE,Containerization,"Docker is a platform for developing, shipping, and running applications in containers, ensuring consistency across different environments.",https://cdn4.iconfinder.com/data/icons/logos-and-brands/512/97_Docker_logo_logos-512.png,https://docs.docker.com/get-started/,"Docker allows you to package your application and all its dependencies into a standardized unit called a container, making it easy to deploy and run your software on any system.","A platform for developing, shipping, and running applications in lightweight portable containers.",https://www.docker.com,"- Application containerization
- Microservices
- DevOps",TRUE,,
Segment,segment,TRUE,Customer Data Platform,"Segment is a customer data platform that helps you collect, clean, and control your customer data.",https://media.graphassets.com/ZYqNOo1hTVy0djlkIgHA,https://segment.com/docs/,"Segment is like a central hub for all your customer data, helping you collect information from various sources and send it to the tools you use for marketing, analytics, and more.","A customer data platform that collects, cleans, and controls customer data for businesses.",https://segment.com,"- Customer data collection
- Data integration
- Marketing analytics",FALSE,https://segment.com/pricing/connections/,https://segment.com/demo/
Apache Iceberg,iceberg,TRUE,Data Format,Apache Iceberg is a table format for large analytic datasets that provides high performance and reliability for data lakes.,https://py.iceberg.apache.org/assets/images/iceberg-logo-icon.png,https://iceberg.apache.org/spark-quickstart/,"Iceberg is a modern table format for data lakes that allows you to manage large analytical datasets with improved performance, reliability, and features like schema evolution and time travel.",An open table format for huge analytic datasets that brings SQL table-like performance to big data.,https://iceberg.apache.org,"- Data lake management
- Analytics
- Large-scale data processing",TRUE,,
JSON,json,TRUE,Data Format,JSON (JavaScript Object Notation) is a lightweight data-interchange format that is easy for humans to read and write and easy for machines to parse and generate.,https://www.json.org/img/json160.gif,https://www.w3schools.com/js/js_json_intro.asp,"JSON is like a universal language for data, providing a simple way to store and exchange information that both humans and computers can understand easily.","A lightweight, text-based, language-independent data interchange format.",https://www.json.org,"- Data interchange
- Configuration files
- API responses",TRUE,,
XML,xml,TRUE,Data Format,XML (eXtensible Markup Language) is a markup language that defines a set of rules for encoding documents in a format that is both human-readable and machine-readable.,https://www.svgrepo.com/show/31053/xml.svg,https://www.w3schools.com/xml/default.asp,"XML is like a versatile container for data, allowing you to structure information in a way that's meaningful for both humans and computers, often used for config files and data exchange.",A markup language for storing and transporting data.,https://www.w3schools.com/xml/xml_whatis.asp,"- Data interchange
- Configuration files
- Web services",TRUE,,
CSV,csv,TRUE,Data Format,"CSV (Comma-Separated Values) is a simple file format used to store tabular data, such as a spreadsheet or database.",https://www.svgrepo.com/show/375309/csv-document.svg,https://www.geeksforgeeks.org/working-csv-files-python/,"CSV is like a simple table format for data, where each line is a row and commas separate the columns, making it easy to exchange data between different programs.",A simple text format for storing tabular data.,https://en.wikipedia.org/wiki/Comma-separated_values,"- Data storage
- Data exchange
- Spreadsheet compatibility",TRUE,,
Parquet,parquet,TRUE,Data Format,Apache Parquet is a columnar storage file format designed for efficient data storage and retrieval.,https://nrphlnibzuquhuzswkqv.supabase.co/storage/v1/object/public/engineeringtools/parquet.png,https://arrow.apache.org/docs/python/parquet.html,"Parquet is like a super-efficient filing cabinet for your data, storing it in a way that makes it quick to read and analyze, especially for large datasets.",A columnar storage file format optimized for use with big data processing frameworks.,https://parquet.apache.org,"- Big data storage
- Analytics
- Data warehousing",TRUE,,
Avro,avro,TRUE,Data Format,"Apache Avro is a data serialization system that provides rich data structures and a compact, fast, binary data format.",https://nrphlnibzuquhuzswkqv.supabase.co/storage/v1/object/public/engineeringtools/avro.png,https://avro.apache.org/docs/1.12.0/getting-started-python/,"Avro is like a universal language for data, allowing you to define complex data structures and serialize them in a compact format that's easy for computers to process quickly.",A data serialization system providing rich data structures in a compact fast binary format.,https://avro.apache.org,"- Data serialization
- Big data processing
- Schema evolution",TRUE,,
ORC,orc,TRUE,Data Format,Apache ORC (Optimized Row Columnar) is a highly efficient columnar storage file format for Hadoop workloads.,https://cdn.icon-icons.com/icons2/2699/PNG/512/apache_orc_logo_icon_167862.png,https://orc.apache.org/docs/pyarrow.html,"ORC is like a highly organized, space-saving container for your data, particularly good for storing and processing large amounts of data in Hadoop ecosystems.",A high-performance columnar storage file format for Hadoop workloads.,https://orc.apache.org,"- Columnar storage
- Big data analytics
- Data warehousing",TRUE,,
Snowflake,snowflake,TRUE,Data Warehouse,Snowflake is a cloud-based data warehousing platform that separates compute and storage for scalability and cost-effectiveness.,https://cdn.icon-icons.com/icons2/2699/PNG/512/snowflake_logo_icon_167979.png,https://quickstarts.snowflake.com/,"Snowflake is a cloud-based data warehouse that allows you to store and analyze large amounts of structured and semi-structured data, with the ability to scale computing resources independently of storage.",A cloud-based data warehousing platform with separated compute and storage.,https://www.snowflake.com,"- Data warehousing
- Big data analytics
- Cloud data platform",FALSE,https://signup.snowflake.com/,https://www.snowflake.com/en/contact/
Apache Hive,hive,TRUE,Data Warehouse,"Apache Hive is a data warehouse software project built on top of Apache Hadoop, providing a SQL-like interface.",https://cdn.icon-icons.com/icons2/2699/PNG/512/apache_hive_logo_icon_167867.png,https://cwiki.apache.org/confluence/display/Hive/GettingStarted,"Hive provides a SQL-like interface to query data stored in various databases and file systems that integrate with Hadoop, making it easier to apply structure to large datasets.",A data warehouse software project built on Apache Hadoop with a SQL-like interface.,https://hive.apache.org,"- Big data querying
- Data warehousing
- ETL processing",TRUE,,
Google BigQuery,bigquery,TRUE,Data Warehouse,"BigQuery is a fully-managed, serverless data warehouse that enables super-fast SQL queries using the processing power of Google's infrastructure.",https://www.vectorlogo.zone/logos/google_bigquery/google_bigquery-icon.svg,https://cloud.google.com/bigquery/docs/quickstarts/query-public-dataset-console,"BigQuery is a powerful data warehouse that allows you to run SQL queries on massive datasets quickly, without needing to manage any infrastructure.","A serverless, highly scalable, and cost-effective multi-cloud data warehouse.",https://cloud.google.com/bigquery,"- Data warehousing
- Big data analytics
- Real-time analysis",FALSE,https://cloud.google.com/bigquery/pricing#free-tier,https://cloud.google.com/contact
AWS Redshift,redshift,TRUE,Data Warehouse,"Amazon Redshift is a fully managed, petabyte-scale data warehouse service in the cloud.",https://icon.icepanel.io/AWS/svg/Analytics/Redshift.svg,https://docs.aws.amazon.com/redshift/latest/gsg/new-user-serverless.html,"Redshift is a cloud-based data warehouse that allows you to analyze large volumes of data using your existing business intelligence tools, with fast query performance.","A fast, fully managed cloud data warehouse for analyzing all your data across your data warehouse and data lake.",https://aws.amazon.com/redshift,"- Data warehousing
- Business intelligence
- Big data analytics",TRUE,https://aws.amazon.com/redshift/free-trial/,https://aws.amazon.com/contact-us/
Apache Druid,druid,TRUE,Database,"Apache Druid is a high-performance, real-time analytics database designed for fast slice-and-dice analytics on large data sets.","https://open-metadata.org/_ipx/w_2048,q_75/%2Fassets%2Fservices%2Fdruid.webp?url=%2Fassets%2Fservices%2Fdruid.webp&w=2048&q=75",https://druid.apache.org/docs/latest/tutorials/,"Druid is a real-time analytics database that allows you to run fast, interactive queries on large datasets, especially useful for powering user-facing analytic applications.",A high-performance real-time analytics database for large datasets.,https://druid.apache.org,"- Real-time analytics
- Time series data
- OLAP",TRUE,,
PostgreSQL,postgresql,TRUE,Database,"PostgreSQL is a powerful, open-source object-relational database system. It's known for reliability, feature robustness, and performance.",https://www.postgresql.org/media/img/about/press/elephant.png,https://www.postgresqltutorial.com/,"PostgreSQL is a sophisticated database system that allows you to store, retrieve, and manage complex data structures efficiently, with support for advanced queries and transactions.",An advanced open-source relational database management system.,https://www.postgresql.org,"- Relational database
- ACID-compliant transactions
- Complex queries",TRUE,,
Apache Cassandra,cassandra,TRUE,Database,"Apache Cassandra is a highly scalable, high-performance distributed NoSQL database.",https://cdn.icon-icons.com/icons2/2699/PNG/512/apache_cassandra_logo_icon_170572.png,https://cassandra.apache.org/doc/latest/cassandra/getting_started/index.html,"Cassandra is a NoSQL database designed to handle large amounts of structured data across many commodity servers, providing high availability with no single point of failure.",A highly scalable high-performance distributed NoSQL database.,https://cassandra.apache.org,"- NoSQL database
- High availability
- Scalable data storage",FALSE,,
DuckDB,duckdb,TRUE,Database,"DuckDB is an in-process SQL OLAP database management system, designed to be fast and easy to use for analytical queries.",https://pbs.twimg.com/profile_images/1274363897676521474/qgbqYYuV_400x400.jpg,https://duckdb.org/docs/api/python/overview.html,"DuckDB is a lightweight, fast SQL database that runs within your application process, making it ideal for quick data analysis and processing without the need for a separate database server.",An embeddable SQL OLAP database management system optimized for analytical queries.,https://duckdb.org,"- In-process analytics
- Data science
- Embedded databases",TRUE,,
SQLite,sqllite,TRUE,Database,"SQLite is a C-language library that implements a small, fast, self-contained, high-reliability, full-featured, SQL database engine.",https://anturis.com/wp-content/uploads/2022/09/SQLite-Logo-1.png,https://www.sqlite.org/quickstart.html,"SQLite is like a mini database that lives right inside your application, perfect for when you need a reliable way to store and retrieve data without setting up a separate database server.","A lightweight, serverless, and self-contained SQL database engine.",https://www.sqlite.org,"- Embedded databases
- Local data storage
- Application file format",TRUE,,
Supabase,supabase,TRUE,Database;Storage;Query Engine,"Supabase is an open-source Firebase alternative providing all the backend features developers need to build a product: a Postgres database, Authentication, instant APIs, Edge Functions, Realtime subscriptions, and Storage.",https://seeklogo.com/images/S/supabase-logo-DCC676FFE2-seeklogo.com.png,https://supabase.com/docs/guides/getting-started,"Supabase is like a fully-equipped workshop for app developers, giving you all the tools you need to build the backend of your app quickly - database, user login, APIs, and more, all in one place.",An open-source Firebase alternative offering a complete backend solution with a Postgres database at its core.,https://supabase.com,"- Backend-as-a-Service
- Real-time databases
- Authentication",TRUE,https://supabase.com/pricing,https://forms.supabase.com/enterprise
ClickHouse,clickhouse,TRUE,Database; Data Warehouse,ClickHouse is an open-source column-oriented database management system for online analytical processing (OLAP) that allows generating analytical reports using SQL queries in real-time.,https://asset.brandfetch.io/idnezyZEJm/id_CPPYVKt.jpeg?updated=1684474240695,https://clickhouse.com/docs/en/getting-started/quick-start,"ClickHouse is a high-performance analytical database that allows you to run complex queries on large datasets very quickly, making it ideal for real-time data analysis and reporting.","An open-source, high performance columnar OLAP database management system.",https://clickhouse.com,"- OLAP
- Real-time analytics
- Big data processing",TRUE,https://clickhouse.com/cloud,https://clickhouse.com/company/contact
Terraform,terraform,TRUE,Infrastructure as Code,"Terraform is an open-source infrastructure as code software tool that enables you to safely and predictably create, change, and improve infrastructure.",https://cdn.icon-icons.com/icons2/2107/PNG/512/file_type_terraform_icon_130125.png,https://learn.hashicorp.com/terraform,"Terraform is like a blueprint for your cloud infrastructure, allowing you to define and manage your tech resources using code, making it easier to deploy and maintain complex systems.","An open-source infrastructure as code tool for building, changing, and versioning infrastructure safely and efficiently.",https://www.terraform.io,"- Infrastructure as Code
- Cloud resource management
- Multi-cloud deployment",FALSE,,
Pulumi,pulumi,TRUE,Infrastructure as Code,"Pulumi is an open-source infrastructure as code tool for creating, deploying, and managing cloud infrastructure using familiar programming languages.",https://www.pulumi.com/logos/brand/avatar-on-black.svg,https://www.pulumi.com/docs/get-started/,"Pulumi lets you use programming languages you already know to define and manage your cloud infrastructure, making it easier to create and maintain complex cloud systems.",An open-source infrastructure as code tool that uses real programming languages for deploying and managing cloud resources.,https://www.pulumi.com,"- Infrastructure as Code
- Cloud native development
- Multi-language support",TRUE,https://www.pulumi.com/pricing/,https://www.pulumi.com/request-a-demo/
Debezium,debezium,TRUE,Ingestion,"Debezium is an open source distributed platform for change data capture, built on top of Apache Kafka.",https://www.vectorlogo.zone/logos/debeziumio/debeziumio-icon.svg,https://debezium.io/documentation/reference/stable/tutorial.html,"Debezium is like a vigilant observer for your databases, instantly noticing and reporting any changes, which helps keep all your data systems in sync in real-time.",An open-source platform for change data capture based on Apache Kafka.,https://debezium.io,"- Change Data Capture
- Data integration
- Real-time data streaming",TRUE,,
Apache NiFi,nifi,TRUE,Ingestion,"Apache NiFi is designed to automate the flow of data between systems, supporting powerful and scalable directed graphs of data routing.",https://nifi.apache.org/images/apache-nifi-drop-logo.svg,https://nifi.apache.org/docs/nifi-docs/html/getting-started.html,"NiFi provides a web-based interface for designing, controlling, and monitoring a dataflow between systems, allowing you to automate data movement and transformation.",A platform designed to automate the flow of data between systems.,https://nifi.apache.org,"- Data ingestion
- Data transformation
- Data routing",TRUE,,
Talend,talend,TRUE,Ingestion,"Talend is a suite of cloud apps for data integration and data integrity, helping companies collect, govern, transform, and share data.","https://images.crunchbase.com/image/upload/c_pad,h_170,w_170,f_auto,b_white,q_auto:eco,dpr_1/mss7jl4fbxzgvuwbcv6h",https://www.talend.com/knowledge-center/,"Talend provides a suite of tools for data integration, allowing you to connect, transform, and manage data from various sources in a unified platform.",A suite of cloud apps for data integration and data integrity.,https://www.talend.com,"- Data integration
- ETL processes
- Data quality management",FALSE,https://www.qlik.com/us/trial/talend-data-fabric,https://www.talend.com/request-demo/
Fivetran,fivetran,TRUE,Ingestion,Fivetran is a fully managed data integration platform that helps users replicate data from various sources into data warehouses.,https://www.vectorlogo.zone/logos/fivetran/fivetran-icon.svg,https://fivetran.com/docs/getting-started,"Fivetran automates data integration from various sources into your data warehouse, handling the extraction and loading processes so you can focus on analysis.",An automated data integration service that synchronizes data from applications databases and file stores.,https://www.fivetran.com,"- Data integration
- ETL/ELT
- Data pipeline automation",FALSE,https://www.fivetran.com/pricing/free-plan,https://go.fivetran.com/demo
Stitch,stitch,TRUE,Ingestion,"Stitch is a cloud-first, open source platform for rapidly moving data.",https://www.stitchdata.com/images/og-site-icon.png,https://www.stitchdata.com/docs/getting-started/,Stitch is a cloud-based platform that helps you quickly and easily replicate data from various sources into your data warehouse for analysis.,A cloud-based platform for extracting transforming and loading (ETL) data.,https://www.stitchdata.com,"- Data integration
- ETL
- Data pipeline automation",TRUE,https://www.stitchdata.com/signup/,https://www.stitchdata.com/contact/
Mage,mage,TRUE,Ingestion,"Mage.ai is an open-source data pipeline tool for transforming and integrating data using Python, SQL, and R.",https://avatars.githubusercontent.com/u/69371472?s=200&v=4,https://docs.mage.ai/getting-started/setup,"Mage.ai is a modern data pipeline tool that allows you to build, run, and manage data workflows using familiar languages like Python and SQL, with features like data lineage and scheduling.",An open-source data pipeline tool for building ETL and ML workflows with code.,https://www.mage.ai,"- Data orchestration
- ETL/ELT
- Data pipeline development",TRUE,,
Airbyte,airbyte,TRUE,Ingestion,"Airbyte is an open-source data integration platform that helps you replicate data from applications, APIs, and databases to data warehouses, lakes, and other destinations.",https://seeklogo.com/images/A/airbyte-logo-CC005A0105-seeklogo.com.png,https://docs.airbyte.com/using-airbyte/getting-started/oss-quickstart,"Airbyte is a tool that helps you move data from various sources to your preferred destination, with a wide range of pre-built connectors and the ability to build custom ones.",An open-source data integration platform for ELT pipelines from APIs databases and files to warehouses and lakes.,https://airbyte.com,"- Data integration
- ETL/ELT
- Open-source data connectors",TRUE,https://airbyte.com/pricing,https://airbyte.com/company/talk-to-sales
Meltano,meltano,TRUE,Ingestion,"Meltano is an open source platform for building, running & orchestrating ELT pipelines.",https://hub.meltano.com/assets/static/meltano.73f0d34.f6f689a38b0fbf42dc9bfa55e539954a.png,https://docs.meltano.com/getting-started,"Meltano is an end-to-end DataOps platform that helps you set up and manage the entire data lifecycle, from extraction to transformation to analysis.",An open-source DataOps platform for the complete data lifecycle.,https://meltano.com,"- Data integration
- ELT
- DataOps",TRUE,,
Matillion,matillion,TRUE,Ingestion,Matillion Data Loader is a SaaS-based data integration tool that loads data from popular data sources into cloud data platforms.,https://yt3.googleusercontent.com/3-BKGTk4LOfkdsAZHp8gS-Iyo5L2BkN8uZYgp81CAGzTN8To2wvLfw0ZT2ROUAt2m1kkZNXqlHo=s160-c-k-c0x00ffffff-no-rj,https://www.matillion.com/docs/data-loader-getting-started/,"Matillion Data Loader is like a efficient conveyor belt, moving your data from various sources into your cloud data warehouse without you needing to write any code.",A SaaS-based data integration tool for loading data into cloud data platforms.,https://www.matillion.com,"- Data integration
- ETL/ELT
- Cloud data warehousing",FALSE,https://hub.matillion.com/register,https://www.matillion.com/request-demo
Rivery,rivery,TRUE,Ingestion,"Rivery is a SaaS platform for building end-to-end data pipelines, combining ETL, reverse-ETL, and data transformation capabilities.",https://gdm-catalog-fmapi-prod.imgix.net/ProductLogo/a21ed36a-8964-4ff7-99c6-e7078ed0c34b.png?auto=format%2Ccompress&fit=max&w=96&q=75&ch=Width%2CDPR,https://docs.rivery.io/docs/start-here,"Rivery is like a Swiss Army knife for data operations, allowing you to collect, transform, and distribute data across your entire data stack with a user-friendly interface.",A cloud-native platform for building and managing data pipelines and workflows.,https://rivery.io,"- Data integration
- ETL/ELT
- Reverse ETL",FALSE,https://rivery.io/free-trial/,https://rivery.io/book-call/
Datuum,datuum,TRUE,Ingestion,"Datuum is a data quality and observability platform that helps teams monitor, alert, and resolve data quality issues.",https://datuum.ai/wp-content/themes/datuum/images/datuum-fav.png,https://datuum.ai/#getdemo,"Datuum is like a quality control inspector for your data, constantly checking for issues and alerting you when something's not right, helping ensure your data is always reliable and trustworthy.","A platform for monitoring, alerting, and resolving data quality issues across the entire data stack.",https://datuum.ai,"- Data quality monitoring
- Data observability
- Anomaly detection",FALSE,,https://datuum.ai/#getdemo
Informatica,informatica,TRUE,Ingestion,"Informatica is a comprehensive enterprise data integration and management platform, offering tools for data integration, quality, governance, and master data management.",https://images.contentstack.io/v3/assets/bltf2fca5bf44f5e817/blt56ff4c76be4b6769/654292efa7f5f10018700465/informatica-logo.png,https://www.informatica.com/products/cloud-data-integration.html,"Informatica is like a Swiss Army knife for enterprise data management, providing a wide range of tools to help large organizations collect, organize, clean, and use their data effectively across different systems and departments.","A comprehensive enterprise platform for data integration, quality, governance, and master data management.",https://www.informatica.com,"- Data integration
- Data quality
- Master data management",FALSE,https://www.informatica.com/free-data-integration.html,https://www.informatica.com/free-data-integration.html
Data Load Tool (DLT),dlt,TRUE,Ingestion,"dlthub is a modern data engineering platform that simplifies the process of building and managing data pipelines, with a focus on dbt integration and data quality.",https://cdn.sanity.io/images/nsq559ov/production/7f85e56e715b847c5519848b7198db73f793448d-82x25.svg?w=2000&auto=format,https://dlthub.com/docs/tutorial/intro,"dlthub is like a smart assistant for data engineers, helping you build, test, and deploy data pipelines more easily, with built-in support for dbt and tools to ensure your data is reliable and up-to-date.",A data engineering platform that streamlines the creation and management of data pipelines with dbt integration and data quality features.,https://dlthub.com,"- Data integration
- ETL pipelines
- Data quality",TRUE,,
Portable,portable,TRUE,Ingestion,Portable is a modern ELT platform that offers hundreds of pre-built connectors to sync data from various sources to data warehouses and data lakes.,"https://images.crunchbase.com/image/upload/c_pad,h_170,w_170,f_auto,b_white,q_auto:eco,dpr_1/shppofmvueo4mzwu9ehc",https://portable.io/learn,"Portable is like a universal adapter for your data, allowing you to easily connect and sync information from many different apps and databases into your central data storage, without needing to write complex code for each connection.",A no-code ELT platform with pre-built connectors for syncing data from various sources to data warehouses and lakes.,https://portable.io,"- Data integration
- ETL
- No-code connectors",FALSE,https://portable.io/pricing,https://portable.io/get-a-demo
Streamkap,streamkap,TRUE,Ingestion;Transformation,"Streamkap is a real-time data integration platform that enables continuous data replication and transformation (via apache Kafka and Flink) across databases, data warehouses, and data lakes.",https://nrphlnibzuquhuzswkqv.supabase.co/storage/v1/object/public/engineeringtools/streamkap.png,https://docs.streamkap.com/docs/getting-started,"Streamkap is a platform that allows you to move and transform data in real-time between different systems, enabling you to keep your data synchronized across various databases and analytics platforms.",A real-time data integration platform for continuous data replication and transformation.,https://streamkap.com,"- Real-time data integration
- Data replication
- Streaming ETL",FALSE,https://app.streamkap.com/account/sign-up,https://streamkap.com/demo-request
Datacoves,datacoves,TRUE,Ingestion;Transformation,"Datacoves is a modern data development environment that integrates with dbt, Airflow, and other tools to streamline the entire data lifecycle.",https://pbs.twimg.com/profile_images/1662116534322438144/sG4Fphrx_400x400.png,https://github.com/datacoves/dbt-coves?tab=readme-ov-file#installation,"Datacoves is a platform that brings together various data tools and best practices, helping you manage your entire data workflow from development to deployment more efficiently.",An integrated platform for modern data stack development and operations.,https://datacoves.com,"- Data development environment
- DataOps
- Collaboration",FALSE,,https://datacoves.com/discover-datacoves
Java,java,TRUE,Language,"Java is a versatile, object-oriented programming language used for developing a wide range of applications, from web to enterprise software.",https://cdn.icon-icons.com/icons2/2415/PNG/512/java_original_logo_icon_146458.png,https://dev.java/learn/getting-started/,"Java is a powerful, general-purpose programming language that allows you to write code once and run it on any platform, making it ideal for building large-scale, robust applications.","A popular, versatile, and platform-independent programming language used in various domains.",https://www.java.com,"- Enterprise software development
- Android app development
- Web application backend",TRUE,,
SQL,sql,TRUE,Language,"SQL (Structured Query Language) is a standard language for storing, manipulating and retrieving data in relational databases.",https://nrphlnibzuquhuzswkqv.supabase.co/storage/v1/object/public/engineeringtools/sql.png,https://www.w3schools.com/sql/sql_intro.asp,"SQL is the primary language used to interact with relational databases, allowing you to create, read, update, and delete data, as well as perform complex queries and data analysis.",A standard language for managing and querying relational databases.,https://aws.amazon.com/what-is/sql/,"- Database querying
- Data manipulation
- Data analysis",TRUE,,
Python,python,TRUE,Language,"Python is a high-level, interpreted programming language known for its simplicity and readability. It supports multiple programming paradigms and has a large standard library.",https://cdn.icon-icons.com/icons2/2699/PNG/512/python_logo_icon_168886.png,https://docs.python.org/3/tutorial/,"Python is like a Swiss Army knife for programming - it's versatile, easy to learn, and can be used for almost anything from web development and data analysis to artificial intelligence.","A versatile, high-level programming language widely used in data science, web development, and general-purpose programming.",https://www.python.org,"- Software Development
- Data analysis
- Machine learning",TRUE,,
SQLAlchemy,sqlalchemy,TRUE,Library,"SQLAlchemy is a comprehensive set of tools for working with databases in Python, including an ORM and a core SQL abstraction layer.",https://icon.icepanel.io/Technology/png-shadow-512/SQLAlchemy.png,https://docs.sqlalchemy.org/en/14/intro.html,"SQLAlchemy is a Python library that allows you to interact with databases using Python code instead of raw SQL, making it easier to work with databases in your applications.",A SQL toolkit and Object-Relational Mapping (ORM) library for Python.,https://www.sqlalchemy.org,"- ORM
- Database abstraction
- SQL generation",TRUE,,
Polars,polars,TRUE,Library;Transformation; Query Engine,"Polars is a fast multi-threaded DataFrame library implemented in Rust, with a Python front-end.",https://pola.rs/favicon.svg,https://docs.pola.rs/user-guide/getting-started/,"Polars is a high-performance data manipulation library that allows you to process large datasets quickly using multiple CPU cores, with an intuitive API similar to Pandas but with better performance for large datasets.","A fast, multi-threaded DataFrame library for efficient data processing in Python and Rust.",https://www.pola.rs,"- High-performance data manipulation
- Data analysis
- Large dataset processing",TRUE,,
Pandas,pandas,TRUE,Library;Transformation;Query Engine,"Pandas is a fast, powerful, flexible and easy to use open source data analysis and manipulation tool, built on top of Python.",https://pandas.pydata.org/static/img/pandas_mark_white.svg,https://pandas.pydata.org/docs/getting_started/index.html,"Pandas is a Python library that provides high-performance, easy-to-use data structures and data analysis tools, allowing you to manipulate and analyze structured data efficiently.",A Python library for data manipulation and analysis with DataFrame structures.,https://pandas.pydata.org,"- Data manipulation
- Data analysis
- Time series analysis",TRUE,,
Amazon DMS,dms,TRUE,Migration,Amazon Database Migration Service (DMS) helps you migrate databases to AWS quickly and securely.,https://icon.icepanel.io/AWS/svg/Database/Database-Migration-Service.svg,https://docs.aws.amazon.com/dms/latest/userguide/CHAP_GettingStarted.SettingUp.html,"Amazon DMS is like a moving company for your data, helping you transfer your databases to the AWS cloud quickly and safely, with minimal downtime.",A cloud service for migrating databases to AWS quickly and securely.,https://aws.amazon.com/dms,"- Database migration
- Data replication
- Schema conversion",FALSE,https://aws.amazon.com/dms/pricing/,https://aws.amazon.com/contact-us/
Metaplane,metaplane,TRUE,Observability,"Metaplane is a data observability platform that helps data teams monitor the health and quality of their data pipelines, detect anomalies, and prevent data issues.",https://asset.brandfetch.io/idZRN0Azs7/idVNPufMVy.svg?updated=1684835443623,https://docs.metaplane.dev/docs/getting-started,"Metaplane is like a health monitor for your data systems, constantly checking vital signs, alerting you to anomalies, and helping you diagnose and fix issues before they cause problems for your business.","A data observability platform for monitoring data quality, detecting anomalies, and preventing data downtime.",https://www.metaplane.dev,"- Data observability
- Data quality monitoring
- Anomaly detection",FALSE,https://www.metaplane.dev/pricing,https://www.metaplane.dev/book-a-demo
Apache Airflow,airflow,TRUE,Orchestration,"Apache Airflow is a platform to programmatically author, schedule, and monitor workflows. It uses DAGs for workflow orchestration.",https://cwiki.apache.org/confluence/download/attachments/145723561/airflow_transparent.png?api=v2,https://airflow.apache.org/docs/apache-airflow/stable/start.html,"Airflow is a platform for programming complex computational workflows, allowing you to schedule and monitor data pipelines using Python code.",A platform to programmatically author schedule and monitor workflows.,https://airflow.apache.org,"- Workflow orchestration
- ETL pipelines
- Task scheduling",TRUE,,
Luigi,luigi,TRUE,Orchestration,"Luigi is a Python package that helps you build complex pipelines of batch jobs, handling dependency resolution and workflow management.",https://raw.githubusercontent.com/spotify/luigi/master/doc/luigi.png,https://luigi.readthedocs.io/en/stable/,"Luigi is a Python library that helps you manage complex data processing pipelines, handling task scheduling, dependency resolution, and workflow management.",A Python package for building complex pipelines of batch jobs with dependency management.,https://luigi.readthedocs.io/en/stable/index.html,"- Data pipeline management
- Batch job scheduling
- Dependency resolution",TRUE,,
Dagster,dagster,TRUE,Orchestration,"Dagster is a data orchestrator for machine learning, analytics, and ETL.",https://dagster.io/images/brand/logos/dagster-reversed-mark.svg,https://docs.dagster.io/tutorial,"Dagster is a data orchestration tool that allows you to define, manage, and monitor data pipelines using Python code, with built-in testing and error handling capabilities.","An open-source data orchestrator for building, testing and monitoring data pipelines.",https://dagster.io,"- Data orchestration
- ETL pipelines
- Data quality",TRUE,,https://dagster.io/contact
Prefect,prefect,TRUE,Orchestration,Prefect is a workflow management system designed for modern data infrastructure.,https://nrphlnibzuquhuzswkqv.supabase.co/storage/v1/object/public/engineeringtools/prefect.png,https://docs-3.prefect.io/3.0rc/get-started/quickstart,"Prefect allows you to build, run, and monitor complex data workflows, with features like automatic retries, dynamic workflows, and real-time monitoring.",A workflow management system for building resilient and dynamic data pipelines.,https://www.prefect.io,"- Workflow orchestration
- Data pipeline management
- Task scheduling",TRUE,https://app.prefect.cloud/,https://www.prefect.io/
Orchestra,orchestra,TRUE,Orchestration,Orchestra is an open-source platform for orchestrating data pipelines and machine learning workflows.,https://cdn.prod.website-files.com/6541750d4db1a741ed66738c/66934478274bbd9e85cb9b94_Data%20Orchestration%20Icon.png,https://orchestra-1.gitbook.io/orchestra-portal/quick-start,"Orchestra helps you manage complex data and ML tasks by coordinating different steps and ensuring they run in the right order, like a conductor leading an orchestra.",An open-source platform for orchestrating and monitoring data and ML workflows.,https://www.getorchestra.io/,"- ML workflow orchestration
- Data pipeline management
- Model deployment",TRUE,https://www.getorchestra.io/pricing,https://calendly.com/hugo-lu-confirmed/30min?
Astronomer,astronomer,TRUE,Orchestration,"Astronomer is a data orchestration platform powered by Apache Airflow, offering tools to develop, orchestrate, and monitor data pipelines.",https://www.astronomer.io/favicon.svg,https://www.astronomer.io/docs/astro/cli/overview,"Astronomer is like a mission control center for your data workflows, helping you design, schedule, and monitor complex data processes using the power of Apache Airflow, but with added tools and support.",A data orchestration platform built on Apache Airflow - providing tools for developing and managing data workflows.,https://www.astronomer.io,"- Airflow management
- Data pipeline orchestration
- ETL workflows",FALSE,https://www.astronomer.io/pricing/,https://www.astronomer.io/get-started/
Kestra,kestra,TRUE,Orchestration,"Kestra is an open-source, event-driven, and schedule-based workflow orchestration platform that helps you build, run, schedule, and monitor complex data pipelines.",https://kestra.io/favicon-192x192.png,https://kestra.io/docs/tutorial,"Kestra is like a skilled conductor for your data orchestra, coordinating various data tasks and processes to work together seamlessly, whether they need to run on a schedule or in response to specific events.",An open-source workflow orchestration platform for building and managing complex data pipelines with event-driven capabilities.,https://kestra.io,"- Workflow orchestration
- Data pipeline management
- Event-driven workflows",TRUE,https://kestra.io/pricing,https://kestra.io/demo
Y42,y42,TRUE,Orchestration; Ingestion,"Y42 is a modern, self-service data platform that integrates data integration, transformation, orchestration, and analytics in one tool.","https://media.graphassets.com/output=format:jpg/resize=,width:59,height:59,fit:crop/pFV2MSfWQGAN6ruQEc6s",https://www.y42.com/docs/getting-started,"Y42 is like a one-stop-shop for data work, allowing you to pull in data from various sources, clean it up, run analyses, and create visualizations all in one place, without needing to switch between different tools.","An all-in-one data platform combining data integration, transformation, orchestration, and analytics.",https://www.y42.com,"- Data integration
- Data transformation
- Data visualization",FALSE,https://www.y42.com/free-trial,https://www.y42.com/book-a-call/discovery
Microsoft Fabric,fabric,TRUE,Orchestration; Ingestion,"Microsoft Fabric is an all-in-one analytics solution for enterprises, unifying various data and analytics tools into a single, integrated platform.",https://nrphlnibzuquhuzswkqv.supabase.co/storage/v1/object/public/engineeringtools/fabric.png,https://learn.microsoft.com/en-us/fabric/get-started/end-to-end-tutorials,"Microsoft Fabric is like a complete toolbox for working with data in large organizations, bringing together tools for data storage, processing, analysis, and visualization in one place, making it easier to manage and use data across the entire company.",An integrated platform combining various Microsoft data and analytics services into a unified experience.,https://www.microsoft.com/en-us/microsoft-fabric,"- Data integration
- Analytics
- Data visualization",FALSE,https://www.microsoft.com/en-us/microsoft-fabric/getting-started,https://azure.microsoft.com/en-us/contact/#contact-sales
Azure Data Factory,data-factory,TRUE,Orchestration;Ingestion,Azure Data Factory is a cloud-based ETL and data integration service that allows you to create data-driven workflows for orchestrating data movement and transforming data at scale.,https://code.benco.io/icon-collection/azure-icons/Data-Factory.svg,https://learn.microsoft.com/en-us/azure/data-factory/quickstart-get-started,"Azure Data Factory is like a data assembly line in the cloud, helping you move and transform data from various sources to where you need it, all managed through a visual interface.",A fully managed serverless data integration service for ETL/ELT workflows.,https://azure.microsoft.com/en-us/products/data-factory,"- Data integration
- ETL/ELT
- Data pipeline orchestration",FALSE,https://azure.microsoft.com/en-us/pricing/purchase-options/azure-account?icid=azurefreeaccount,https://azure.microsoft.com/en-us/contact/#contact-sales
Apache Flink,flink,TRUE,Processing; Streaming,Apache Flink is a framework and distributed processing engine for stateful computations over data streams.,https://cdn.icon-icons.com/icons2/2699/PNG/512/apache_flink_logo_icon_168620.png,https://ci.apache.org/projects/flink/flink-docs-release-1.14/docs/try-flink/datastream/,Flink is a powerful stream processing framework that allows you to process and analyze real-time data streams with high throughput and low latency.,A framework and distributed processing engine for stateful computations over data streams.,https://flink.apache.org,"- Stream processing
- Real-time analytics
- Event-driven applications",TRUE,,
Azure Stream Analytics,stream-analytics,TRUE,Processing; Streaming,Azure Stream Analytics is a real-time analytics and complex event-processing engine that is designed to analyze and process high volumes of fast streaming data from multiple sources simultaneously.,https://nrphlnibzuquhuzswkqv.supabase.co/storage/v1/object/public/engineeringtools/stream_analytics.png,https://learn.microsoft.com/en-us/azure/stream-analytics/quick-start-build-application,"Azure Stream Analytics is like a super-fast data analyst that can process and analyze data as it's coming in, helping you get insights from your data in real-time.","A real-time analytics service for stream processing of fast moving data streams from devices, sensors, infrastructure, applications and more.",https://azure.microsoft.com/en-us/products/stream-analytics,"- Real-time analytics
- IoT data processing
- Anomaly detection",FALSE,https://azure.microsoft.com/en-us/pricing/purchase-options/azure-account?icid=azurefreeaccount,https://azure.microsoft.com/en-us/contact/#contact-sales
Apache Hudi,hudi,TRUE,Processing;Streaming,Apache Hudi (Hadoop Upserts Deletes and Incrementals) is a data management framework for faster processing and incremental updates to big data.,https://hudi.apache.org/assets/images/logo-big.png,https://hudi.apache.org/docs/quick-start-guide,"Hudi is a data management framework that allows you to perform upserts, deletes, and incremental data processing on large datasets stored in data lakes.",An open-source data management framework that provides atomic upserts and incremental data processing.,https://hudi.apache.org,"- Data lake management
- Incremental processing
- ACID transactions on data lakes",TRUE,,
Apache Beam,beam,TRUE,Processing;Streaming,Apache Beam provides a unified programming model for defining and executing data processing pipelines.,https://cdn.icon-icons.com/icons2/2699/PNG/512/apache_beam_logo_icon_168624.png,https://beam.apache.org/get-started/quickstart-py/,"Beam offers a unified programming model to define and execute data processing pipelines, including batch and streaming data processing jobs that can run on various execution engines.",A unified programming model for defining and executing data processing pipelines.,https://beam.apache.org,"- Data processing
- ETL pipelines
- Unified batch and stream processing",TRUE,,
Databricks,databricks,TRUE,Processing;Streaming;Query Engine,"Databricks provides a unified analytics platform built on top of Apache Spark, designed for data science and engineering teams.",https://asset.brandfetch.io/idSUrLOWbH/idQeSz8UHv.svg?updated=1668081624532,https://www.databricks.com/learn,"Databricks offers a collaborative platform for data science and engineering, allowing you to easily process large amounts of data, build machine learning models, and create data pipelines.",A unified data analytics platform built on Apache Spark for big data processing and machine learning.,https://www.databricks.com,"- Big data processing
- Machine learning
- Data engineering",FALSE,https://www.databricks.com/try-databricks#account,https://www.databricks.com/company/contact
Apache Spark,spark,TRUE,Processing;Streaming;Query Engine,"Apache Spark is a unified analytics engine for large-scale data processing. It supports batch processing, real-time streaming, machine learning, and graph processing.",https://cdn.icon-icons.com/icons2/2699/PNG/512/apache_spark_logo_icon_170560.png,https://spark.apache.org/docs/latest/quick-start.html,"Spark is like a high-performance engine for data processing, allowing you to analyze massive datasets quickly using distributed computing techniques.",A unified analytics engine for large-scale data processing with support for various data tasks.,https://spark.apache.org,"- Big data processing
- Machine learning
- Stream processing",TRUE,,
Great Expectations,great-expectations,TRUE,Quality,"Great Expectations is a Python-based open-source library for validating, documenting, and profiling data.",https://encrypted-tbn0.gstatic.com/images?q=tbn:ANd9GcSjkqYHr049iwVfZYm67YaebpFhPsWogNpUoypOkgbuVblVB9BJ-T6L5NhHjrsrrwsc3NA&usqp=CAU,https://docs.greatexpectations.io/docs/reference/learn/data_quality_use_cases/dq_use_cases_lp,"Great Expectations is like a quality control system for your data, helping you catch and prevent data quality issues before they cause problems in your analysis or applications.","An open-source Python library for data validation, documentation, and profiling.",https://greatexpectations.io,"- Data validation
- Data quality
- Data testing",TRUE,https://greatexpectations.io/pricing/,https://greatexpectations.io/cloud
Pydantic,pydantic,TRUE,Quality,"Pydantic is a data validation and settings management library using Python type annotations, ensuring your data's integrity and structure.",https://avatars.githubusercontent.com/u/110818415?v=4,https://pydantic-docs.helpmanual.io/usage/models/,"Pydantic helps you define what shape your data should have and automatically validates it, catching errors early and making your code more reliable and easier to understand.",A data validation and settings management library using Python type hints.,https://pydantic-docs.helpmanual.io,"- Data validation
- Settings management
- Serialization",TRUE,,
Starburst,starburst,TRUE,Query Engine,"Starburst is a fast and flexible query engine built on open source Trino, designed to query data across any database.","https://images.crunchbase.com/image/upload/c_pad,h_170,w_170,f_auto,b_white,q_auto:eco,dpr_1/imsmiqjafibkwqzcwsrb",https://docs.starburst.io/introduction/index.html,"Starburst is like a universal translator for databases, allowing you to query data across multiple sources as if they were all in one place, making it easier to analyze data spread across different systems.",An enterprise-ready distributed SQL query engine for big data.,https://www.starburst.io,"- Distributed SQL querying
- Data federation
- Data lake analytics",FALSE,https://www.starburst.io/platform/starburst-galaxy/start/,https://www.starburst.io/info/live-demos/
AWS Athena,athena,TRUE,Query Engine,Amazon Athena is an interactive query service that makes it easy to analyze data in Amazon S3 using standard SQL.,https://icon.icepanel.io/AWS/svg/Analytics/Athena.svg,https://docs.aws.amazon.com/athena/latest/ug/getting-started.html,"Athena is like having a powerful SQL engine that can directly query your data stored in S3, without needing to set up and manage any servers.","A serverless, interactive query service for analyzing data in Amazon S3 using SQL.",https://aws.amazon.com/athena,"- Serverless querying
- Data lake analytics
- Ad-hoc analysis",FALSE,https://aws.amazon.com/athena/pricing/,https://aws.amazon.com/contact-us/
Trino,trino,TRUE,Query Engine,Trino (formerly PrestoSQL) is an open-source distributed SQL query engine designed to query large data sets distributed over one or more heterogeneous data sources.,https://avatars.githubusercontent.com/u/34147222?s=200&v=4,https://trino.io/docs/current/installation/deployment.html,"Trino is like a super-fast librarian that can find and combine information from many different libraries at once, allowing you to ask complex questions about data stored in various places and get quick answers.",An open-source distributed SQL query engine for big data analytics across multiple data sources.,https://trino.io,"- Distributed SQL querying
- Big data analytics
- Data federation",TRUE,,
Dremio,dremio,TRUE,Query Engine,"Dremio is an open-source data lake engine that provides fast query capabilities over data lakes, along with data virtualization and data acceleration technologies.",https://www.vectorlogo.zone/logos/dremio/dremio-icon.svg,https://docs.dremio.com/current/get-started/,"Dremio is like a high-speed train for your data lake, allowing you to quickly access and analyze data stored in various formats and locations without needing to move or copy it, making it easier to get insights from large amounts of diverse data.",An open-source data lake engine that accelerates queries and provides a SQL interface to various data sources.,https://www.dremio.com,"- Data lake engine
- SQL acceleration
- Data virtualization",TRUE,https://www.dremio.com/get-started/,https://www.dremio.com/contact/
Elasticsearch,elasticsearch,TRUE,Query Engine,"Elasticsearch is a distributed, RESTful search and analytics engine capable of solving various use cases.",https://cdn.worldvectorlogo.com/logos/elasticsearch.svg,https://www.elastic.co/guide/en/elasticsearch/reference/current/getting-started.html,"Elasticsearch is a powerful search and analytics engine that allows you to store, search, and analyze large volumes of data quickly and in near real-time.",A distributed RESTful search and analytics engine for various use cases.,https://www.elastic.co,"- Full-text search
- Log analytics
- Application monitoring",TRUE,https://www.elastic.co/pricing,https://www.elastic.co/contact
AWS S3,s3,TRUE,Storage,"Amazon S3 (Simple Storage Service) is an object storage service offering industry-leading scalability, data availability, security, and performance.",https://icon.icepanel.io/AWS/svg/Storage/Simple-Storage-Service.svg,https://docs.aws.amazon.com/AmazonS3/latest/userguide/GetStartedWithS3.html,"S3 is like a giant, reliable storage system in the cloud where you can keep any amount of data, access it quickly, and only pay for what you use.",A scalable object storage service for storing and retrieving any amount of data.,https://aws.amazon.com/s3,"- Object storage
- Data backup
- Static website hosting",FALSE,https://aws.amazon.com/s3/pricing/,https://aws.amazon.com/contact-us/
Microsoft ADLS Gen2,adls-gen2,TRUE,Storage,"Azure Data Lake Storage Gen2 is a set of capabilities dedicated to big data analytics, built on Azure Blob storage.",https://miro.medium.com/v2/resize:fit:600/1*xkem5OSBR4oeQbMptKm6sw.png,https://docs.microsoft.com/en-us/azure/storage/blobs/data-lake-storage-introduction,"ADLS Gen2 is a powerful storage system designed for big data analytics in the cloud, allowing you to store and analyze massive amounts of data efficiently.","A hierarchical file system built on Azure Blob storage, optimized for analytics workloads.",https://azure.microsoft.com/en-us/products/storage/data-lake-storage,"- Data lake storage
- Big data analytics
- Hadoop compatible storage",FALSE,https://azure.microsoft.com/en-us/pricing/purchase-options/azure-account,https://azure.microsoft.com/en-us/contact/
Apache Hadoop,hadoop,TRUE,Storage;Query Engine,Apache Hadoop is an open-source framework for distributed storage and processing of large datasets using MapReduce.,https://cdn.icon-icons.com/icons2/2699/PNG/512/apache_hadoop_logo_icon_169586.png,https://hadoop.apache.org/docs/stable/hadoop-project-dist/hadoop-common/SingleCluster.html,"Hadoop is a framework that allows for the distributed processing of large data sets across clusters of computers, using simple programming models like MapReduce.",An open-source framework for distributed storage and processing of large datasets.,https://hadoop.apache.org,"- Distributed storage
- Big data processing
- Batch processing",TRUE,,
Apache Kafka,kafka,TRUE,Streaming,"Apache Kafka is a distributed event streaming platform used for high-performance data pipelines, streaming analytics, and data integration.",https://nrphlnibzuquhuzswkqv.supabase.co/storage/v1/object/public/engineeringtools/kafka.png,https://kafka.apache.org/quickstart,"Kafka is a distributed system for handling real-time data feeds, allowing you to publish, subscribe, store, and process streams of records seamlessly.",A distributed event streaming platform for building real-time data pipelines and streaming applications.,https://kafka.apache.org,"- Event streaming
- Message queuing
- Data integration",TRUE,,
Apache Pulsar,pulsar,TRUE,Streaming,"Apache Pulsar is a cloud-native, distributed messaging and streaming platform originally created at Yahoo!",https://vectorseek.com/wp-content/uploads/2023/11/Apache-Pulsar-Icon-Logo-Vector.svg-.png,https://pulsar.apache.org/docs/en/standalone/,"Pulsar is a distributed messaging system that allows you to build scalable, real-time data streaming applications with support for multiple subscription modes.",A cloud-native distributed messaging and streaming platform.,https://pulsar.apache.org,"- Distributed messaging
- Pub-sub messaging
- Stream processing",TRUE,,
AWS Kinesis,kinesis,TRUE,Streaming,"Amazon Kinesis makes it easy to collect, process, and analyze real-time, streaming data so you can get timely insights and react quickly to new information.",https://icon.icepanel.io/AWS/svg/Analytics/Kinesis.svg,https://docs.aws.amazon.com/kinesis/latest/dev/getting-started.html,"Kinesis is like a high-speed conveyor belt for data, allowing you to ingest and process large amounts of streaming data in real-time.","A platform for streaming data on AWS, making it easy to load and analyze streaming data.",https://aws.amazon.com/kinesis,"- Real-time streaming
- Data analytics
- Application monitoring",FALSE,https://aws.amazon.com/kinesis/data-streams/pricing/,https://aws.amazon.com/contact-us/
Redpanda,redpanda,TRUE,Streaming,"Redpanda is a Kafka-compatible event streaming platform with lower latency, higher throughput, and zero copy architecture.",https://nrphlnibzuquhuzswkqv.supabase.co/storage/v1/object/public/engineeringtools/redpanda.png,https://docs.redpanda.com/current/get-started/quick-start/,"Redpanda is like a supercharged version of Kafka, allowing you to process streams of data extremely quickly and efficiently, making it great for real-time data processing.",A Kafka-compatible event streaming platform with improved performance.,https://redpanda.com,"- Kafka-compatible streaming
- Real-time data processing
- Event-driven architectures",TRUE,https://cloud.redpanda.com/sign-up/,https://www.redpanda.com/contact
dbt,dbt,TRUE,Transformation,dbt is a command-line tool that enables data analysts and engineers to transform data in their warehouses more effectively.,https://nrphlnibzuquhuzswkqv.supabase.co/storage/v1/object/public/engineeringtools/dbt.png,https://docs.getdbt.com/tutorial/setting-up,"dbt (data build tool) allows you to transform your data by writing modular SQL select statements, manage model dependencies, and generate documentation for your data warehouse.",A command-line tool for transforming data in warehouses using SQL.,https://www.getdbt.com,"- Data transformation
- Data modeling
- Analytics engineering",TRUE,https://www.getdbt.com/signup,https://www.getdbt.com/contact
Git,git,TRUE,Version Control,"Git is a distributed version-control system for tracking changes in source code during software development, designed for coordinating work among programmers.",https://cdn.icon-icons.com/icons2/2107/PNG/512/file_type_git_icon_130581.png,https://git-scm.com/book/en/v2/Getting-Started-About-Version-Control,"Git is like a time machine for your code, allowing you to track changes, experiment with new ideas, and collaborate with others without fear of losing your work.",A distributed version control system for tracking changes in source code during software development.,https://git-scm.com,"- Version control
- Collaborative development
- Code management",TRUE,,
Microsoft Synapse,synapse,TRUE,Visualization,Azure Synapse is an analytics service that brings together enterprise data warehousing and Big Data analytics.,https://azure.microsoft.com/svghandler/synapse-analytics.png,https://learn.microsoft.com/en-us/azure/synapse-analytics/get-started,"Synapse is an integrated analytics platform that combines data integration, enterprise data warehousing, and big data analytics into a single service.",An integrated analytics service that accelerates time to insight across data warehouses and big data systems.,https://azure.microsoft.com/en-us/products/synapse-analytics,"- Data warehousing
- Big data analytics
- Data integration",FALSE,https://azure.microsoft.com/en-us/pricing/purchase-options/azure-account?icid=azurefreeaccount,https://azure.microsoft.com/en-us/contact/
Looker,looker,TRUE,Visualization,"Looker is a business intelligence software and big data analytics platform that helps you explore, analyze and share real-time business analytics.",https://coefficient.io/wp-content/uploads/2022/03/looker.png,https://cloud.google.com/looker/docs/set-up-and-administer-looker,"Looker is a powerful tool that allows you to create custom data experiences, from simple dashboards to sophisticated data apps, helping you make data-driven decisions.","A business intelligence platform for data exploration, visualization, and embedded analytics.",https://www.looker.com,"- Business intelligence
- Data visualization
- Embedded analytics",FALSE,,
Power BI,powerbi,TRUE,Visualization,Power BI is a business analytics tool by Microsoft for visualizing data and sharing insights across an organization.,https://1000logos.net/wp-content/uploads/2022/08/Microsoft-Power-BI-Logo.png,https://docs.microsoft.com/en-us/power-bi/fundamentals/desktop-getting-started,"Power BI is like a powerful magnifying glass for your data, allowing you to create interactive visualizations and dashboards that help you understand and present your data effectively.",A suite of business analytics tools for analyzing data and sharing insights.,https://powerbi.microsoft.com,"- Data visualization
- Business intelligence
- Interactive dashboards",FALSE,https://www.microsoft.com/en-us/power-platform/products/power-bi/getting-started-with-power-bi,https://azure.microsoft.com/en-us/contact/
Tableau,tableau,TRUE,Visualization,Tableau is a visual analytics platform that helps people see and understand data through interactive visualizations.,https://leadsbridge.com/wp-content/themes/leadsbridge/img/integration-lg-logos/logo1024.png,https://public.tableau.com/en-us/s/resources,"Tableau is a powerful data visualization tool that allows you to connect to various data sources, create interactive dashboards, and share insights with others easily.",A visual analytics platform for creating interactive data visualizations and dashboards.,https://www.tableau.com,"- Data visualization
- Business intelligence
- Self-service analytics",FALSE,https://www.tableau.com/products/trial,https://www.tableau.com/about/contact
Apache Superset,superset,TRUE,Visualization,"Apache Superset is a modern data exploration and visualization platform designed to be visual, intuitive, and interactive.",https://seeklogo.com/images/S/superset-icon-logo-D70353ADD5-seeklogo.com.png,https://superset.apache.org/docs/quickstart,Superset is a data visualization and exploration platform that allows you to create interactive dashboards and perform ad-hoc analyses on your data without writing code.,A modern data exploration and visualization platform for creating interactive dashboards.,https://superset.apache.org,"- Data exploration
- Data visualization
- Business intelligence",TRUE,,
Metabase,metabase,TRUE,Visualization,Metabase is an open-source business intelligence tool that lets you create interactive dashboards and ad-hoc queries without SQL.,https://www.metabase.com/images/logo.svg,https://www.metabase.com/learn/getting-started/getting-started.html,"Metabase is a user-friendly tool that allows you to explore your data, create visualizations, and share insights with your team, even if you're not a data expert.",An open-source business intelligence and analytics tool for easy data exploration and visualization.,https://www.metabase.com,"- Business intelligence
- Data visualization
- Ad-hoc querying",TRUE,https://store.metabase.com/checkout,https://www.metabase.com/partners/
Hex,hex,TRUE,Visualization,"Hex is a collaborative data workspace that combines SQL, Python, and interactive visualizations for data analysis and sharing.",https://mds-bucket.us-southeast-1.linodeobjects.com/93142832.png,https://learn.hex.tech/tutorials,"Hex is a platform where you can write code, query databases, create visualizations, and share your work, all in one place, making it easier to collaborate on data projects.","A collaborative analytics platform combining notebooks, SQL, and visualizations.",https://hex.tech,"- Data analysis
- Collaborative notebooks
- Data visualization",FALSE,https://hex.tech/pricing/,https://hex.tech/contact-us/